{
  "generated_at_utc": "20260221_182743Z",
  "base_conf": "/content/gbdt-stock-agent-news-export-20260221/conf/smoke_news_recent.yaml",
  "seed": 25117,
  "ranked": [
    {
      "name": "auto_01",
      "conf_path": "/content/gbdt-stock-agent-news-export-20260221/conf/experiments/autonomous/20260221_182743Z_01_auto_01.yaml",
      "include_news": false,
      "lookbacks": [
        1,
        2,
        10,
        20,
        40,
        60,
        120
      ],
      "event_shift": 1,
      "horizon": 20,
      "min_finite_ratio": 0.15,
      "learning_rate": 0.05,
      "num_leaves": 63,
      "n_estimators": 500,
      "ok": true,
      "run_id": "20260221_182743Z_005bdce3_34708566",
      "status": "success",
      "rank_ic_test_mean": 0.39124579124579123,
      "ic_test_mean": 0.43066426601492824,
      "sharpe": 21.788646089237186,
      "total_return": 0.42744812214015915,
      "max_drawdown": -0.015199262206272657,
      "score": 43.48012338622958,
      "n_features": 13,
      "feature_cols": [
        "ret_1d",
        "ret_2d",
        "ret_10d",
        "ret_20d",
        "ret_40d",
        "ret_1d_raw",
        "corr_mkt_20d",
        "vol_20d",
        "range_20d",
        "adv20_dollar",
        "volume_z_20d",
        "earnings_event",
        "eps_surprise"
      ],
      "dropped_feature_cols": [
        "ret_60d",
        "ret_120d",
        "mom_20_60"
      ]
    },
    {
      "name": "baseline_news_off",
      "conf_path": "/content/gbdt-stock-agent-news-export-20260221/conf/experiments/autonomous/20260221_182743Z_11_baseline_news_off.yaml",
      "include_news": false,
      "lookbacks": [
        1,
        3,
        5,
        10,
        20,
        60,
        120
      ],
      "event_shift": 1,
      "horizon": 20,
      "min_finite_ratio": 0.1,
      "learning_rate": 0.05,
      "num_leaves": 31,
      "n_estimators": 300,
      "ok": true,
      "run_id": "20260221_182830Z_77ec06d8_34708566",
      "status": "success",
      "rank_ic_test_mean": 0.29427609427609425,
      "ic_test_mean": 0.3419257539035573,
      "sharpe": 14.074749093884126,
      "total_return": 0.28749837524490807,
      "max_drawdown": -0.0024477592845988383,
      "score": 32.242644691279814,
      "n_features": 13,
      "feature_cols": [
        "ret_1d",
        "ret_3d",
        "ret_5d",
        "ret_10d",
        "ret_20d",
        "ret_1d_raw",
        "corr_mkt_20d",
        "vol_20d",
        "range_20d",
        "adv20_dollar",
        "volume_z_20d",
        "earnings_event",
        "eps_surprise"
      ],
      "dropped_feature_cols": [
        "ret_60d",
        "ret_120d",
        "mom_20_60"
      ]
    },
    {
      "name": "auto_03",
      "conf_path": "/content/gbdt-stock-agent-news-export-20260221/conf/experiments/autonomous/20260221_182743Z_03_auto_03.yaml",
      "include_news": false,
      "lookbacks": [
        1,
        5,
        20,
        40,
        60
      ],
      "event_shift": 1,
      "horizon": 20,
      "min_finite_ratio": 0.15,
      "learning_rate": 0.08,
      "num_leaves": 15,
      "n_estimators": 500,
      "ok": true,
      "run_id": "20260221_182754Z_193f68b3_34708566",
      "status": "success",
      "rank_ic_test_mean": 0.2525252525252525,
      "ic_test_mean": 0.31330430718534147,
      "sharpe": 21.087400310409862,
      "total_return": 0.2814901848320044,
      "max_drawdown": 0.0,
      "score": 29.470568294976886,
      "n_features": 12,
      "feature_cols": [
        "ret_1d",
        "ret_5d",
        "ret_20d",
        "ret_40d",
        "ret_1d_raw",
        "corr_mkt_20d",
        "vol_20d",
        "range_20d",
        "adv20_dollar",
        "volume_z_20d",
        "earnings_event",
        "eps_surprise"
      ],
      "dropped_feature_cols": [
        "ret_60d",
        "mom_20_60"
      ]
    },
    {
      "name": "auto_06",
      "conf_path": "/content/gbdt-stock-agent-news-export-20260221/conf/experiments/autonomous/20260221_182743Z_06_auto_06.yaml",
      "include_news": false,
      "lookbacks": [
        1,
        2,
        3,
        10,
        20,
        40,
        60,
        120
      ],
      "event_shift": 1,
      "horizon": 5,
      "min_finite_ratio": 0.05,
      "learning_rate": 0.03,
      "num_leaves": 31,
      "n_estimators": 300,
      "ok": true,
      "run_id": "20260221_182808Z_d4bd32e9_34708566",
      "status": "success",
      "rank_ic_test_mean": 0.2767676767676767,
      "ic_test_mean": 0.3156478953215766,
      "sharpe": -2.164973966558627,
      "total_return": -0.03332148508244992,
      "max_drawdown": -0.02381787216961373,
      "score": 27.23894266605186,
      "n_features": 16,
      "feature_cols": [
        "ret_1d",
        "ret_2d",
        "ret_3d",
        "ret_10d",
        "ret_20d",
        "ret_40d",
        "ret_60d",
        "ret_1d_raw",
        "corr_mkt_20d",
        "vol_20d",
        "range_20d",
        "adv20_dollar",
        "volume_z_20d",
        "mom_20_60",
        "earnings_event",
        "eps_surprise"
      ],
      "dropped_feature_cols": [
        "ret_120d"
      ]
    },
    {
      "name": "auto_10",
      "conf_path": "/content/gbdt-stock-agent-news-export-20260221/conf/experiments/autonomous/20260221_182743Z_10_auto_10.yaml",
      "include_news": false,
      "lookbacks": [
        1,
        2,
        3,
        5,
        10,
        20,
        40,
        60
      ],
      "event_shift": 2,
      "horizon": 5,
      "min_finite_ratio": 0.05,
      "learning_rate": 0.05,
      "num_leaves": 31,
      "n_estimators": 200,
      "ok": true,
      "run_id": "20260221_182825Z_414d0193_34708566",
      "status": "success",
      "rank_ic_test_mean": 0.17845117845117844,
      "ic_test_mean": 0.26563457493467835,
      "sharpe": -0.6924891482400303,
      "total_return": -0.017186852030847022,
      "max_drawdown": -0.05476590507080936,
      "score": 17.695632460751614,
      "n_features": 17,
      "feature_cols": [
        "ret_1d",
        "ret_2d",
        "ret_3d",
        "ret_5d",
        "ret_10d",
        "ret_20d",
        "ret_40d",
        "ret_60d",
        "ret_1d_raw",
        "corr_mkt_20d",
        "vol_20d",
        "range_20d",
        "adv20_dollar",
        "volume_z_20d",
        "mom_20_60",
        "earnings_event",
        "eps_surprise"
      ],
      "dropped_feature_cols": []
    },
    {
      "name": "auto_09",
      "conf_path": "/content/gbdt-stock-agent-news-export-20260221/conf/experiments/autonomous/20260221_182743Z_09_auto_09.yaml",
      "include_news": false,
      "lookbacks": [
        1,
        2,
        3,
        10,
        20,
        40,
        60
      ],
      "event_shift": 1,
      "horizon": 5,
      "min_finite_ratio": 0.1,
      "learning_rate": 0.08,
      "num_leaves": 31,
      "n_estimators": 300,
      "ok": true,
      "run_id": "20260221_182821Z_0e6b5789_34708566",
      "status": "success",
      "rank_ic_test_mean": 0.1771043771043771,
      "ic_test_mean": 0.29873850936687674,
      "sharpe": -1.8954940991910663,
      "total_return": -0.03382759397871027,
      "max_drawdown": -0.06440980212396596,
      "score": 17.318389274986746,
      "n_features": 16,
      "feature_cols": [
        "ret_1d",
        "ret_2d",
        "ret_3d",
        "ret_10d",
        "ret_20d",
        "ret_40d",
        "ret_60d",
        "ret_1d_raw",
        "corr_mkt_20d",
        "vol_20d",
        "range_20d",
        "adv20_dollar",
        "volume_z_20d",
        "mom_20_60",
        "earnings_event",
        "eps_surprise"
      ],
      "dropped_feature_cols": []
    },
    {
      "name": "auto_02",
      "conf_path": "/content/gbdt-stock-agent-news-export-20260221/conf/experiments/autonomous/20260221_182743Z_02_auto_02.yaml",
      "include_news": false,
      "lookbacks": [
        1,
        2,
        3,
        10,
        20,
        40,
        120
      ],
      "event_shift": 1,
      "horizon": 5,
      "min_finite_ratio": 0.15,