{
  "generated_at_utc": "20260221_182010Z",
  "base_conf": "/content/gbdt-stock-agent-news-export-20260221/conf/smoke_news_recent.yaml",
  "seed": 19561,
  "ranked": [
    {
      "name": "auto_06",
      "conf_path": "/content/gbdt-stock-agent-news-export-20260221/conf/experiments/autonomous/20260221_182010Z_06_auto_06.yaml",
      "include_news": false,
      "lookbacks": [
        1,
        2,
        20,
        40,
        60,
        120
      ],
      "event_shift": 1,
      "horizon": 20,
      "min_finite_ratio": 0.05,
      "learning_rate": 0.03,
      "num_leaves": 31,
      "n_estimators": 200,
      "ok": true,
      "run_id": "20260221_182034Z_506e9c86_34708566",
      "status": "success",
      "rank_ic_test_mean": 0.3966329966329966,
      "ic_test_mean": 0.4158904640106871,
      "sharpe": 18.91220239631689,
      "total_return": 0.3262335341635443,
      "max_drawdown": -0.01801832026446948,
      "score": 43.44278894557847,
      "n_features": 12,
      "feature_cols": [
        "ret_1d",
        "ret_2d",
        "ret_20d",
        "ret_40d",
        "ret_1d_raw",
        "corr_mkt_20d",
        "vol_20d",
        "range_20d",
        "adv20_dollar",
        "volume_z_20d",
        "earnings_event",
        "eps_surprise"
      ],
      "dropped_feature_cols": [
        "ret_60d",
        "ret_120d",
        "mom_20_60"
      ]
    },
    {
      "name": "auto_02",
      "conf_path": "/content/gbdt-stock-agent-news-export-20260221/conf/experiments/autonomous/20260221_182010Z_02_auto_02.yaml",
      "include_news": true,
      "lookbacks": [
        1,
        5,
        10,
        20,
        40,
        120
      ],
      "event_shift": 1,
      "horizon": 20,
      "min_finite_ratio": 0.15,
      "learning_rate": 0.08,
      "num_leaves": 31,
      "n_estimators": 200,
      "ok": true,
      "run_id": "20260221_182017Z_c59d5715_34708566",
      "status": "success",
      "rank_ic_test_mean": 0.3542907514362857,
      "ic_test_mean": 0.31919752139405955,
      "sharpe": 13.13784240758607,
      "total_return": 0.2855852540334727,
      "max_drawdown": -0.007317993875143647,
      "score": 38.05575119687882,
      "n_features": 32,
      "feature_cols": [
        "ret_1d",
        "ret_5d",
        "ret_10d",
        "ret_20d",
        "ret_40d",
        "ret_1d_raw",
        "corr_mkt_20d",
        "vol_20d",
        "range_20d",
        "adv20_dollar",
        "volume_z_20d",
        "earnings_event",
        "eps_surprise",
        "news_count_1d",
        "news_sentiment_1d",
        "news_sentiment_sum_1d",
        "news_pos_ratio_1d",
        "news_neg_ratio_1d",
        "news_title_len_mean_1d",
        "news_body_len_mean_1d",
        "news_urgency_mean_1d",
        "news_market_count_1d",
        "news_count_5d",
        "news_count_20d",
        "news_count_z20",
        "news_buzz_ratio_20d",
        "news_sentiment_5d_mean",
        "news_sentiment_20d_mean",
        "news_sentiment_mom_5_20",
        "news_sentiment_sum_5d",
        "news_market_share_1d",
        "news_market_share_20d"
      ],
      "dropped_feature_cols": [
        "ret_120d"
      ]
    },
    {
      "name": "auto_05",
      "conf_path": "/content/gbdt-stock-agent-news-export-20260221/conf/experiments/autonomous/20260221_182010Z_05_auto_05.yaml",
      "include_news": false,
      "lookbacks": [
        1,
        3,
        5,
        20,
        40,
        60,
        120
      ],
      "event_shift": 1,
      "horizon": 20,
      "min_finite_ratio": 0.1,
      "learning_rate": 0.03,
      "num_leaves": 15,
      "n_estimators": 300,
      "ok": true,
      "run_id": "20260221_182029Z_997b1df8_34708566",
      "status": "success",
      "rank_ic_test_mean": 0.32121212121212117,
      "ic_test_mean": 0.3498096907726997,
      "sharpe": 16.68081392071513,
      "total_return": 0.36575449694912465,
      "max_drawdown": 0.0,
      "score": 35.45810641434905,
      "n_features": 13,
      "feature_cols": [
        "ret_1d",
        "ret_3d",
        "ret_5d",
        "ret_20d",
        "ret_40d",
        "ret_1d_raw",
        "corr_mkt_20d",
        "vol_20d",
        "range_20d",
        "adv20_dollar",
        "volume_z_20d",
        "earnings_event",
        "eps_surprise"
      ],
      "dropped_feature_cols": [
        "ret_60d",
        "ret_120d",
        "mom_20_60"
      ]
    },
    {
      "name": "baseline_news_off",
      "conf_path": "/content/gbdt-stock-agent-news-export-20260221/conf/experiments/autonomous/20260221_182010Z_11_baseline_news_off.yaml",
      "include_news": false,
      "lookbacks": [
        1,
        3,
        5,
        10,
        20,
        60,
        120
      ],
      "event_shift": 1,
      "horizon": 20,
      "min_finite_ratio": 0.1,
      "learning_rate": 0.05,
      "num_leaves": 31,
      "n_estimators": 300,
      "ok": true,
      "run_id": "20260221_182055Z_77ec06d8_34708566",
      "status": "success",
      "rank_ic_test_mean": 0.30101010101010095,
      "ic_test_mean": 0.34390561834741246,
      "sharpe": 16.523753382017496,
      "total_return": 0.3212741926453262,
      "max_drawdown": 0.0,
      "score": 33.40640332579889,
      "n_features": 13,
      "feature_cols": [
        "ret_1d",
        "ret_3d",
        "ret_5d",
        "ret_10d",
        "ret_20d",
        "ret_1d_raw",
        "corr_mkt_20d",
        "vol_20d",
        "range_20d",
        "adv20_dollar",
        "volume_z_20d",
        "earnings_event",
        "eps_surprise"
      ],
      "dropped_feature_cols": [
        "ret_60d",
        "ret_120d",
        "mom_20_60"
      ]
    },
    {
      "name": "auto_08",
      "conf_path": "/content/gbdt-stock-agent-news-export-20260221/conf/experiments/autonomous/20260221_182010Z_08_auto_08.yaml",
      "include_news": false,
      "lookbacks": [
        1,
        3,
        20,
        40,
        60,
        120
      ],
      "event_shift": 2,
      "horizon": 5,
      "min_finite_ratio": 0.15,
      "learning_rate": 0.05,
      "num_leaves": 63,
      "n_estimators": 200,
      "ok": true,
      "run_id": "20260221_182042Z_63f48347_34708566",
      "status": "success",
      "rank_ic_test_mean": 0.28080808080808073,
      "ic_test_mean": 0.2709612503579041,
      "sharpe": 2.282084038520833,
      "total_return": 0.02496792665487413,
      "max_drawdown": -0.04209724070598175,
      "score": 28.52885537622435,
      "n_features": 14,
      "feature_cols": [
        "ret_1d",
        "ret_3d",
        "ret_20d",
        "ret_40d",
        "ret_60d",
        "ret_1d_raw",
        "corr_mkt_20d",
        "vol_20d",
        "range_20d",
        "adv20_dollar",
        "volume_z_20d",
        "mom_20_60",
        "earnings_event",
        "eps_surprise"
      ],
      "dropped_feature_cols": [
        "ret_120d"
      ]
    },
    {
      "name": "auto_07",
      "conf_path": "/content/gbdt-stock-agent-news-export-20260221/conf/experiments/autonomous/20260221_182010Z_07_auto_07.yaml",
      "include_news": false,
      "lookbacks": [
        1,
        2,
        5,
        20,
        60,
        120
      ],
      "event_shift": 1,
      "horizon": 5,
      "min_finite_ratio": 0.05,
      "learning_rate": 0.03,
      "num_leaves": 15,
      "n_estimators": 300,
      "ok": true,
      "run_id": "20260221_182038Z_c4ad16eb_34708566",
      "status": "success",
      "rank_ic_test_mean": 0.26195286195286194,
      "ic_test_mean": 0.2982718132408882,
      "sharpe": -0.6731936531996054,
      "total_return": -0.010618098452699898,
      "max_drawdown": -0.03763655595622428,
      "score": 26.053098917258122,
      "n_features": 14,
      "feature_cols": [
        "ret_1d",
        "ret_2d",
        "ret_5d",
        "ret_20d",
        "ret_60d",
        "ret_1d_raw",
        "corr_mkt_20d",
        "vol_20d",
        "range_20d",
        "adv20_dollar",
        "volume_z_20d",
        "mom_20_60",
        "earnings_event",
        "eps_surprise"
      ],