{
  "generated_at_utc": "20260221_200055Z",
  "base_conf": "/content/gbdt-stock-agent-news-export-20260221/conf/smoke_news_recent.yaml",
  "seed": 16459,
  "ranked": [
    {
      "name": "auto_07",
      "conf_path": "/content/gbdt-stock-agent-news-export-20260221/conf/experiments/autonomous/20260221_200055Z_07_auto_07.yaml",
      "include_news": false,
      "lookbacks": [
        1,
        2,
        3,
        20,
        40,
        60
      ],
      "event_shift": 1,
      "horizon": 20,
      "min_finite_ratio": 0.1,
      "learning_rate": 0.08,
      "num_leaves": 31,
      "n_estimators": 200,
      "ok": true,
      "run_id": "20260221_200134Z_accf5a30_34708566",
      "status": "success",
      "rank_ic_test_mean": 0.37104377104377106,
      "ic_test_mean": 0.3757851816755382,
      "sharpe": 17.57081197286332,
      "total_return": 0.38239210293527925,
      "max_drawdown": -0.015199264493520048,
      "score": 40.61626443025694,
      "n_features": 13,
      "feature_cols": [
        "ret_1d",
        "ret_2d",
        "ret_3d",
        "ret_20d",
        "ret_40d",
        "ret_1d_raw",
        "corr_mkt_20d",
        "vol_20d",
        "range_20d",
        "adv20_dollar",
        "volume_z_20d",
        "earnings_event",
        "eps_surprise"
      ],
      "dropped_feature_cols": [
        "ret_60d",
        "mom_20_60"
      ]
    },
    {
      "name": "auto_02",
      "conf_path": "/content/gbdt-stock-agent-news-export-20260221/conf/experiments/autonomous/20260221_200055Z_02_auto_02.yaml",
      "include_news": true,
      "lookbacks": [
        1,
        2,
        3,
        5,
        20,
        60,
        120
      ],
      "event_shift": 1,
      "horizon": 20,
      "min_finite_ratio": 0.15,
      "learning_rate": 0.05,
      "num_leaves": 15,
      "n_estimators": 500,
      "ok": true,
      "run_id": "20260221_200104Z_4fa44acf_34708566",
      "status": "success",
      "rank_ic_test_mean": 0.3293687767283958,
      "ic_test_mean": 0.26345660315699243,
      "sharpe": 13.855410106561276,
      "total_return": 0.353885969555489,
      "max_drawdown": -0.01447534654190652,
      "score": 35.705772396782564,
      "n_features": 32,
      "feature_cols": [
        "ret_1d",
        "ret_2d",
        "ret_3d",
        "ret_5d",
        "ret_20d",
        "ret_1d_raw",
        "corr_mkt_20d",
        "vol_20d",
        "range_20d",
        "adv20_dollar",
        "volume_z_20d",
        "earnings_event",
        "eps_surprise",
        "news_count_1d",
        "news_sentiment_1d",
        "news_sentiment_sum_1d",
        "news_pos_ratio_1d",
        "news_neg_ratio_1d",
        "news_title_len_mean_1d",
        "news_body_len_mean_1d",
        "news_urgency_mean_1d",
        "news_market_count_1d",
        "news_count_5d",
        "news_count_20d",
        "news_count_z20",
        "news_buzz_ratio_20d",
        "news_sentiment_5d_mean",
        "news_sentiment_20d_mean",
        "news_sentiment_mom_5_20",
        "news_sentiment_sum_5d",
        "news_market_share_1d",
        "news_market_share_20d"
      ],
      "dropped_feature_cols": [
        "ret_60d",
        "ret_120d",
        "mom_20_60"
      ]
    },
    {
      "name": "auto_01",
      "conf_path": "/content/gbdt-stock-agent-news-export-20260221/conf/experiments/autonomous/20260221_200055Z_01_auto_01.yaml",
      "include_news": false,
      "lookbacks": [
        1,
        3,
        5,
        10,
        20,
        60
      ],
      "event_shift": 2,
      "horizon": 20,
      "min_finite_ratio": 0.05,
      "learning_rate": 0.05,
      "num_leaves": 63,
      "n_estimators": 300,
      "ok": true,
      "run_id": "20260221_200055Z_9deecf5b_34708566",
      "status": "success",
      "rank_ic_test_mean": 0.30101010101010095,
      "ic_test_mean": 0.3423030970380442,
      "sharpe": 16.523753382017496,
      "total_return": 0.3212741926453262,
      "max_drawdown": 0.0,
      "score": 33.40640332579889,
      "n_features": 13,
      "feature_cols": [
        "ret_1d",
        "ret_3d",
        "ret_5d",
        "ret_10d",
        "ret_20d",
        "ret_1d_raw",
        "corr_mkt_20d",
        "vol_20d",
        "range_20d",
        "adv20_dollar",
        "volume_z_20d",
        "earnings_event",
        "eps_surprise"
      ],
      "dropped_feature_cols": [
        "ret_60d",
        "mom_20_60"
      ]
    },
    {
      "name": "baseline_news_off",
      "conf_path": "/content/gbdt-stock-agent-news-export-20260221/conf/experiments/autonomous/20260221_200055Z_11_baseline_news_off.yaml",
      "include_news": false,
      "lookbacks": [
        1,
        3,
        5,
        10,
        20,
        60,
        120
      ],
      "event_shift": 1,
      "horizon": 20,
      "min_finite_ratio": 0.1,
      "learning_rate": 0.05,
      "num_leaves": 31,
      "n_estimators": 300,
      "ok": true,
      "run_id": "20260221_200156Z_77ec06d8_34708566",
      "status": "success",
      "rank_ic_test_mean": 0.30101010101010095,
      "ic_test_mean": 0.34271467175487874,
      "sharpe": 16.523753382017496,
      "total_return": 0.3212741926453262,
      "max_drawdown": 0.0,
      "score": 33.40640332579889,
      "n_features": 13,
      "feature_cols": [
        "ret_1d",
        "ret_3d",
        "ret_5d",
        "ret_10d",
        "ret_20d",
        "ret_1d_raw",
        "corr_mkt_20d",
        "vol_20d",
        "range_20d",
        "adv20_dollar",
        "volume_z_20d",
        "earnings_event",
        "eps_surprise"
      ],
      "dropped_feature_cols": [
        "ret_60d",
        "ret_120d",
        "mom_20_60"
      ]
    },
    {
      "name": "auto_06",
      "conf_path": "/content/gbdt-stock-agent-news-export-20260221/conf/experiments/autonomous/20260221_200055Z_06_auto_06.yaml",
      "include_news": false,
      "lookbacks": [
        1,
        2,
        3,
        10,
        20,
        40,
        60,
        120
      ],
      "event_shift": 1,
      "horizon": 5,
      "min_finite_ratio": 0.15,
      "learning_rate": 0.03,
      "num_leaves": 63,
      "n_estimators": 500,
      "ok": true,
      "run_id": "20260221_200126Z_43a8392a_34708566",
      "status": "success",
      "rank_ic_test_mean": 0.2767676767676767,
      "ic_test_mean": 0.3156478947207726,
      "sharpe": -2.164973966558627,
      "total_return": -0.03332148508244992,
      "max_drawdown": -0.02381787216961373,
      "score": 27.23894266605186,
      "n_features": 16,
      "feature_cols": [
        "ret_1d",
        "ret_2d",
        "ret_3d",
        "ret_10d",
        "ret_20d",
        "ret_40d",
        "ret_60d",
        "ret_1d_raw",
        "corr_mkt_20d",
        "vol_20d",
        "range_20d",
        "adv20_dollar",
        "volume_z_20d",
        "mom_20_60",
        "earnings_event",
        "eps_surprise"
      ],
      "dropped_feature_cols": [
        "ret_120d"
      ]
    },
    {
      "name": "auto_08",
      "conf_path": "/content/gbdt-stock-agent-news-export-20260221/conf/experiments/autonomous/20260221_200055Z_08_auto_08.yaml",
      "include_news": true,
      "lookbacks": [
        1,
        5,
        10,
        20,
        60,
        120
      ],
      "event_shift": 1,
      "horizon": 20,
      "min_finite_ratio": 0.1,
      "learning_rate": 0.08,
      "num_leaves": 31,
      "n_estimators": 300,
      "ok": true,
      "run_id": "20260221_200140Z_f160e41e_34708566",
      "status": "success",
      "rank_ic_test_mean": 0.14882154882154883,
      "ic_test_mean": 0.11385563794201684,
      "sharpe": 34.66482909690301,
      "total_return": 0.2793747140212879,
      "max_drawdown": 0.0,
      "score": 21.815679450963525,
      "n_features": 31,