{
  "generated_at_utc": "20260221_191843Z",
  "base_conf": "/content/gbdt-stock-agent-news-export-20260221/conf/smoke_news_recent.yaml",
  "seed": 22353,
  "ranked": [
    {
      "name": "baseline_news_off",
      "conf_path": "/content/gbdt-stock-agent-news-export-20260221/conf/experiments/autonomous/20260221_191843Z_11_baseline_news_off.yaml",
      "include_news": false,
      "lookbacks": [
        1,
        3,
        5,
        10,
        20,
        60,
        120
      ],
      "event_shift": 1,
      "horizon": 20,
      "min_finite_ratio": 0.1,
      "learning_rate": 0.05,
      "num_leaves": 31,
      "n_estimators": 300,
      "ok": true,
      "run_id": "20260221_191935Z_77ec06d8_34708566",
      "status": "success",
      "rank_ic_test_mean": 0.29427609427609425,
      "ic_test_mean": 0.34076175108273427,
      "sharpe": 14.074749093884126,
      "total_return": 0.28749837524490807,
      "max_drawdown": -0.0024477592845988383,
      "score": 32.242644691279814,
      "n_features": 13,
      "feature_cols": [
        "ret_1d",
        "ret_3d",
        "ret_5d",
        "ret_10d",
        "ret_20d",
        "ret_1d_raw",
        "corr_mkt_20d",
        "vol_20d",
        "range_20d",
        "adv20_dollar",
        "volume_z_20d",
        "earnings_event",
        "eps_surprise"
      ],
      "dropped_feature_cols": [
        "ret_60d",
        "ret_120d",
        "mom_20_60"
      ]
    },
    {
      "name": "auto_05",
      "conf_path": "/content/gbdt-stock-agent-news-export-20260221/conf/experiments/autonomous/20260221_191843Z_05_auto_05.yaml",
      "include_news": true,
      "lookbacks": [
        1,
        2,
        3,
        5,
        20,
        60,
        120
      ],
      "event_shift": 1,
      "horizon": 20,
      "min_finite_ratio": 0.05,
      "learning_rate": 0.05,
      "num_leaves": 63,
      "n_estimators": 200,
      "ok": true,
      "run_id": "20260221_191906Z_88f8ac5d_34708566",
      "status": "success",
      "rank_ic_test_mean": 0.2713804713804714,
      "ic_test_mean": 0.21402777848821083,
      "sharpe": 9.306463141784421,
      "total_return": 0.1863206281528853,
      "max_drawdown": -0.03569465117099757,
      "score": 28.99257347742613,
      "n_features": 32,
      "feature_cols": [
        "ret_1d",
        "ret_2d",
        "ret_3d",
        "ret_5d",
        "ret_20d",
        "ret_1d_raw",
        "corr_mkt_20d",
        "vol_20d",
        "range_20d",
        "adv20_dollar",
        "volume_z_20d",
        "earnings_event",
        "eps_surprise",
        "news_count_1d",
        "news_sentiment_1d",
        "news_sentiment_sum_1d",
        "news_pos_ratio_1d",
        "news_neg_ratio_1d",
        "news_title_len_mean_1d",
        "news_body_len_mean_1d",
        "news_urgency_mean_1d",
        "news_market_count_1d",
        "news_count_5d",
        "news_count_20d",
        "news_count_z20",
        "news_buzz_ratio_20d",
        "news_sentiment_5d_mean",
        "news_sentiment_20d_mean",
        "news_sentiment_mom_5_20",
        "news_sentiment_sum_5d",
        "news_market_share_1d",
        "news_market_share_20d"
      ],
      "dropped_feature_cols": [
        "ret_60d",
        "ret_120d",
        "mom_20_60"
      ]
    },
    {
      "name": "auto_10",
      "conf_path": "/content/gbdt-stock-agent-news-export-20260221/conf/experiments/autonomous/20260221_191843Z_10_auto_10.yaml",
      "include_news": false,
      "lookbacks": [
        1,
        2,
        10,
        20,
        40,
        60,
        120
      ],
      "event_shift": 1,
      "horizon": 5,
      "min_finite_ratio": 0.1,
      "learning_rate": 0.03,
      "num_leaves": 15,
      "n_estimators": 500,
      "ok": true,
      "run_id": "20260221_191930Z_aac8f83c_34708566",
      "status": "success",
      "rank_ic_test_mean": 0.22828282828282825,
      "ic_test_mean": 0.297536264595657,
      "sharpe": -0.35065530240559906,
      "total_return": -0.005312010060931738,
      "max_drawdown": -0.024961020428774572,
      "score": 22.75314893969583,
      "n_features": 15,
      "feature_cols": [
        "ret_1d",
        "ret_2d",
        "ret_10d",
        "ret_20d",
        "ret_40d",
        "ret_60d",
        "ret_1d_raw",
        "corr_mkt_20d",
        "vol_20d",
        "range_20d",
        "adv20_dollar",
        "volume_z_20d",
        "mom_20_60",
        "earnings_event",
        "eps_surprise"
      ],
      "dropped_feature_cols": [
        "ret_120d"
      ]
    },
    {
      "name": "auto_04",
      "conf_path": "/content/gbdt-stock-agent-news-export-20260221/conf/experiments/autonomous/20260221_191843Z_04_auto_04.yaml",
      "include_news": false,
      "lookbacks": [
        1,
        2,
        10,
        20,
        40,
        60,
        120
      ],
      "event_shift": 2,
      "horizon": 5,
      "min_finite_ratio": 0.1,
      "learning_rate": 0.05,
      "num_leaves": 31,
      "n_estimators": 200,
      "ok": true,
      "run_id": "20260221_191901Z_15b88742_34708566",
      "status": "success",
      "rank_ic_test_mean": 0.17575757575757572,
      "ic_test_mean": 0.22952465532427724,
      "sharpe": -7.495241097269809,
      "total_return": -0.0628961307016569,
      "max_drawdown": -0.03763953027199485,
      "score": 16.069055657987807,
      "n_features": 15,
      "feature_cols": [
        "ret_1d",
        "ret_2d",
        "ret_10d",
        "ret_20d",
        "ret_40d",
        "ret_60d",
        "ret_1d_raw",
        "corr_mkt_20d",
        "vol_20d",
        "range_20d",
        "adv20_dollar",
        "volume_z_20d",
        "mom_20_60",
        "earnings_event",
        "eps_surprise"
      ],
      "dropped_feature_cols": [
        "ret_120d"
      ]
    },
    {
      "name": "auto_01",
      "conf_path": "/content/gbdt-stock-agent-news-export-20260221/conf/experiments/autonomous/20260221_191843Z_01_auto_01.yaml",
      "include_news": false,
      "lookbacks": [
        1,
        2,
        3,
        5,
        10,
        20,
        120
      ],
      "event_shift": 1,
      "horizon": 5,
      "min_finite_ratio": 0.05,
      "learning_rate": 0.05,
      "num_leaves": 31,
      "n_estimators": 500,
      "ok": true,
      "run_id": "20260221_191843Z_b452ed4f_34708566",
      "status": "success",
      "rank_ic_test_mean": 0.15959595959595957,
      "ic_test_mean": 0.21748497632624936,
      "sharpe": -4.414195501184676,
      "total_return": -0.07969677894020955,
      "max_drawdown": -0.047118834950716115,
      "score": 15.067173698810999,
      "n_features": 14,
      "feature_cols": [
        "ret_1d",
        "ret_2d",
        "ret_3d",
        "ret_5d",
        "ret_10d",
        "ret_20d",
        "ret_1d_raw",
        "corr_mkt_20d",
        "vol_20d",
        "range_20d",
        "adv20_dollar",
        "volume_z_20d",
        "earnings_event",
        "eps_surprise"
      ],
      "dropped_feature_cols": [
        "ret_120d"
      ]
    },
    {
      "name": "auto_03",
      "conf_path": "/content/gbdt-stock-agent-news-export-20260221/conf/experiments/autonomous/20260221_191843Z_03_auto_03.yaml",
      "include_news": true,
      "lookbacks": [
        1,
        2,
        3,
        5,
        20,
        60,
        120
      ],
      "event_shift": 1,
      "horizon": 10,
      "min_finite_ratio": 0.15,
      "learning_rate": 0.03,
      "num_leaves": 31,
      "n_estimators": 500,
      "ok": true,
      "run_id": "20260221_191855Z_1633448c_34708566",
      "status": "success",
      "rank_ic_test_mean": 0.12978487176637207,
      "ic_test_mean": 0.06190220398227622,
      "sharpe": 2.012820114110237,
      "total_return": 0.0459476187303689,
      "max_drawdown": -0.1059539573489705,
      "score": 13.359952303226923,
      "n_features": 32,