{
  "generated_at_utc": "20260221_180822Z",
  "base_conf": "/content/gbdt-stock-agent-news-export-20260221/conf/smoke_news_recent.yaml",
  "seed": 18580,
  "ranked": [
    {
      "name": "auto_07",
      "conf_path": "/content/gbdt-stock-agent-news-export-20260221/conf/experiments/autonomous/20260221_180822Z_07_auto_07.yaml",
      "include_news": false,
      "lookbacks": [
        1,
        2,
        3,
        10,
        20,
        60,
        120
      ],
      "event_shift": 2,
      "horizon": 20,
      "min_finite_ratio": 0.1,
      "ok": true,
      "run_id": "20260221_180852Z_abe2486a_34708566",
      "status": "success",
      "rank_ic_test_mean": 0.4006734006734006,
      "ic_test_mean": 0.40689034159191523,
      "sharpe": 36.22959089399191,
      "total_return": 0.4942512266448791,
      "max_drawdown": 0.0,
      "score": 47.314246748591735,
      "n_features": 13,
      "feature_cols": [
        "ret_1d",
        "ret_2d",
        "ret_3d",
        "ret_10d",
        "ret_20d",
        "ret_1d_raw",
        "corr_mkt_20d",
        "vol_20d",
        "range_20d",
        "adv20_dollar",
        "volume_z_20d",
        "earnings_event",
        "eps_surprise"
      ],
      "dropped_feature_cols": [
        "ret_60d",
        "ret_120d",
        "mom_20_60"
      ]
    },
    {
      "name": "auto_03",
      "conf_path": "/content/gbdt-stock-agent-news-export-20260221/conf/experiments/autonomous/20260221_180822Z_03_auto_03.yaml",
      "include_news": false,
      "lookbacks": [
        1,
        2,
        3,
        5,
        10,
        20,
        60,
        120
      ],
      "event_shift": 2,
      "horizon": 20,
      "min_finite_ratio": 0.15,
      "ok": true,
      "run_id": "20260221_180834Z_39b63900_34708566",
      "status": "success",
      "rank_ic_test_mean": 0.31717171717171716,
      "ic_test_mean": 0.37951964762060925,
      "sharpe": 13.956786283496525,
      "total_return": 0.34916642185978497,
      "max_drawdown": -0.016920056105289794,
      "score": 34.50584329549368,
      "n_features": 14,
      "feature_cols": [
        "ret_1d",
        "ret_2d",
        "ret_3d",
        "ret_5d",
        "ret_10d",
        "ret_20d",
        "ret_1d_raw",
        "corr_mkt_20d",
        "vol_20d",
        "range_20d",
        "adv20_dollar",
        "volume_z_20d",
        "earnings_event",
        "eps_surprise"
      ],
      "dropped_feature_cols": [
        "ret_60d",
        "ret_120d",
        "mom_20_60"
      ]
    },
    {
      "name": "baseline_news_off",
      "conf_path": "/content/gbdt-stock-agent-news-export-20260221/conf/experiments/autonomous/20260221_180822Z_11_baseline_news_off.yaml",
      "include_news": false,
      "lookbacks": [
        1,
        3,
        5,
        10,
        20,
        60,
        120
      ],
      "event_shift": 1,
      "horizon": 20,
      "min_finite_ratio": 0.1,
      "ok": true,
      "run_id": "20260221_180908Z_77ec06d8_34708566",
      "status": "success",
      "rank_ic_test_mean": 0.29427609427609425,
      "ic_test_mean": 0.33965542645981206,
      "sharpe": 14.074749093884126,
      "total_return": 0.28749837524490807,
      "max_drawdown": -0.0024477592845988383,
      "score": 32.242644691279814,
      "n_features": 13,
      "feature_cols": [
        "ret_1d",
        "ret_3d",
        "ret_5d",
        "ret_10d",
        "ret_20d",
        "ret_1d_raw",
        "corr_mkt_20d",
        "vol_20d",
        "range_20d",
        "adv20_dollar",
        "volume_z_20d",
        "earnings_event",
        "eps_surprise"
      ],
      "dropped_feature_cols": [
        "ret_60d",
        "ret_120d",
        "mom_20_60"
      ]
    },
    {
      "name": "auto_05",
      "conf_path": "/content/gbdt-stock-agent-news-export-20260221/conf/experiments/autonomous/20260221_180822Z_05_auto_05.yaml",
      "include_news": true,
      "lookbacks": [
        1,
        2,
        5,
        10,
        20,
        40,
        60
      ],
      "event_shift": 2,
      "horizon": 20,
      "min_finite_ratio": 0.1,
      "ok": true,
      "run_id": "20260221_180843Z_fb4701d1_34708566",
      "status": "success",
      "rank_ic_test_mean": 0.10707070707070707,
      "ic_test_mean": 0.07737761520890361,
      "sharpe": 20.52654911755754,
      "total_return": 0.21446886543426946,
      "max_drawdown": 0.0,
      "score": 14.812809468313082,
      "n_features": 33,
      "feature_cols": [
        "ret_1d",
        "ret_2d",
        "ret_5d",
        "ret_10d",
        "ret_20d",
        "ret_40d",
        "ret_1d_raw",
        "corr_mkt_20d",
        "vol_20d",
        "range_20d",
        "adv20_dollar",
        "volume_z_20d",
        "earnings_event",
        "eps_surprise",
        "news_count_1d",
        "news_sentiment_1d",
        "news_sentiment_sum_1d",
        "news_pos_ratio_1d",
        "news_neg_ratio_1d",
        "news_title_len_mean_1d",
        "news_body_len_mean_1d",
        "news_urgency_mean_1d",
        "news_market_count_1d",
        "news_count_5d",
        "news_count_20d",
        "news_count_z20",
        "news_buzz_ratio_20d",
        "news_sentiment_5d_mean",
        "news_sentiment_20d_mean",
        "news_sentiment_mom_5_20",
        "news_sentiment_sum_5d",
        "news_market_share_1d",
        "news_market_share_20d"
      ],
      "dropped_feature_cols": [
        "ret_60d",
        "mom_20_60"
      ]
    },
    {
      "name": "auto_10",
      "conf_path": "/content/gbdt-stock-agent-news-export-20260221/conf/experiments/autonomous/20260221_180822Z_10_auto_10.yaml",
      "include_news": false,
      "lookbacks": [
        1,
        2,
        3,
        10,
        20,
        40
      ],
      "event_shift": 1,
      "horizon": 10,
      "min_finite_ratio": 0.05,
      "ok": true,
      "run_id": "20260221_180904Z_00a2dcc8_34708566",
      "status": "success",
      "rank_ic_test_mean": 0.03569023569023569,
      "ic_test_mean": -0.008891279038133767,
      "sharpe": 3.579776588408589,
      "total_return": 0.05141786449247876,
      "max_drawdown": -0.06904600655489634,
      "score": 4.271272521123292,
      "n_features": 14,
      "feature_cols": [
        "ret_1d",
        "ret_2d",
        "ret_3d",
        "ret_10d",
        "ret_20d",
        "ret_40d",
        "ret_1d_raw",
        "corr_mkt_20d",
        "vol_20d",
        "range_20d",
        "adv20_dollar",
        "volume_z_20d",
        "earnings_event",
        "eps_surprise"
      ],
      "dropped_feature_cols": []
    },
    {
      "name": "auto_01",
      "conf_path": "/content/gbdt-stock-agent-news-export-20260221/conf/experiments/autonomous/20260221_180822Z_01_auto_01.yaml",
      "include_news": true,
      "lookbacks": [
        1,
        3,
        5,
        10,
        20,
        40,
        120
      ],
      "event_shift": 1,
      "horizon": 5,
      "min_finite_ratio": 0.15,
      "ok": true,
      "run_id": "20260221_180822Z_cc8bfcf7_34708566",
      "status": "success",
      "rank_ic_test_mean": 0.0006734006734006684,
      "ic_test_mean": 0.04909901584601045,
      "sharpe": -10.766723030151052,
      "total_return": -0.1186673623549932,
      "max_drawdown": -0.06714688597296747,
      "score": -2.0996712506094473,
      "n_features": 33,