{
  "generated_at_utc": "20260221_185945Z",
  "base_conf": "/content/gbdt-stock-agent-news-export-20260221/conf/smoke_news_recent.yaml",
  "seed": 19192,
  "ranked": [
    {
      "name": "auto_04",
      "conf_path": "/content/gbdt-stock-agent-news-export-20260221/conf/experiments/autonomous/20260221_185945Z_04_auto_04.yaml",
      "include_news": false,
      "lookbacks": [
        1,
        2,
        3,
        5,
        20,
        40,
        120
      ],
      "event_shift": 1,
      "horizon": 20,
      "min_finite_ratio": 0.05,
      "learning_rate": 0.05,
      "num_leaves": 31,
      "n_estimators": 200,
      "ok": true,
      "run_id": "20260221_190002Z_2b416a4c_34708566",
      "status": "success",
      "rank_ic_test_mean": 0.3400673400673401,
      "ic_test_mean": 0.35072180633500133,
      "sharpe": 18.773294073319306,
      "total_return": 0.46930023951274946,
      "max_drawdown": -0.016920056105289905,
      "score": 37.758947410655836,
      "n_features": 14,
      "feature_cols": [
        "ret_1d",
        "ret_2d",
        "ret_3d",
        "ret_5d",
        "ret_20d",
        "ret_40d",
        "ret_1d_raw",
        "corr_mkt_20d",
        "vol_20d",
        "range_20d",
        "adv20_dollar",
        "volume_z_20d",
        "earnings_event",
        "eps_surprise"
      ],
      "dropped_feature_cols": [
        "ret_120d"
      ]
    },
    {
      "name": "auto_09",
      "conf_path": "/content/gbdt-stock-agent-news-export-20260221/conf/experiments/autonomous/20260221_185945Z_09_auto_09.yaml",
      "include_news": true,
      "lookbacks": [
        1,
        2,
        5,
        20,
        60,
        120
      ],
      "event_shift": 1,
      "horizon": 20,
      "min_finite_ratio": 0.15,
      "learning_rate": 0.08,
      "num_leaves": 15,
      "n_estimators": 300,
      "ok": true,
      "run_id": "20260221_190028Z_44c589b4_34708566",
      "status": "success",
      "rank_ic_test_mean": 0.3185185185185185,
      "ic_test_mean": 0.24421974234986285,
      "sharpe": 15.791335179356475,
      "total_return": 0.26048911446037915,
      "max_drawdown": -0.005079727260321021,
      "score": 35.0096239205,
      "n_features": 31,
      "feature_cols": [
        "ret_1d",
        "ret_2d",
        "ret_5d",
        "ret_20d",
        "ret_1d_raw",
        "corr_mkt_20d",
        "vol_20d",
        "range_20d",
        "adv20_dollar",
        "volume_z_20d",
        "earnings_event",
        "eps_surprise",
        "news_count_1d",
        "news_sentiment_1d",
        "news_sentiment_sum_1d",
        "news_pos_ratio_1d",
        "news_neg_ratio_1d",
        "news_title_len_mean_1d",
        "news_body_len_mean_1d",
        "news_urgency_mean_1d",
        "news_market_count_1d",
        "news_count_5d",
        "news_count_20d",
        "news_count_z20",
        "news_buzz_ratio_20d",
        "news_sentiment_5d_mean",
        "news_sentiment_20d_mean",
        "news_sentiment_mom_5_20",
        "news_sentiment_sum_5d",
        "news_market_share_1d",
        "news_market_share_20d"
      ],
      "dropped_feature_cols": [
        "ret_60d",
        "ret_120d",
        "mom_20_60"
      ]
    },
    {
      "name": "baseline_news_off",
      "conf_path": "/content/gbdt-stock-agent-news-export-20260221/conf/experiments/autonomous/20260221_185945Z_11_baseline_news_off.yaml",
      "include_news": false,
      "lookbacks": [
        1,
        3,
        5,
        10,
        20,
        60,
        120
      ],
      "event_shift": 1,
      "horizon": 20,
      "min_finite_ratio": 0.1,
      "learning_rate": 0.05,
      "num_leaves": 31,
      "n_estimators": 300,
      "ok": true,
      "run_id": "20260221_190037Z_77ec06d8_34708566",
      "status": "success",
      "rank_ic_test_mean": 0.30101010101010095,
      "ic_test_mean": 0.3412299594365393,
      "sharpe": 16.523753382017496,
      "total_return": 0.3212741926453262,
      "max_drawdown": 0.0,
      "score": 33.40640332579889,
      "n_features": 13,
      "feature_cols": [
        "ret_1d",
        "ret_3d",
        "ret_5d",
        "ret_10d",
        "ret_20d",
        "ret_1d_raw",
        "corr_mkt_20d",
        "vol_20d",
        "range_20d",
        "adv20_dollar",
        "volume_z_20d",
        "earnings_event",
        "eps_surprise"
      ],
      "dropped_feature_cols": [
        "ret_60d",
        "ret_120d",
        "mom_20_60"
      ]
    },
    {
      "name": "auto_08",
      "conf_path": "/content/gbdt-stock-agent-news-export-20260221/conf/experiments/autonomous/20260221_185945Z_08_auto_08.yaml",
      "include_news": true,
      "lookbacks": [
        1,
        3,
        20,
        40,
        120
      ],
      "event_shift": 1,
      "horizon": 20,
      "min_finite_ratio": 0.1,
      "learning_rate": 0.08,
      "num_leaves": 63,
      "n_estimators": 300,
      "ok": true,
      "run_id": "20260221_190022Z_15465a8f_34708566",
      "status": "success",
      "rank_ic_test_mean": 0.3077912561499383,
      "ic_test_mean": 0.2384773259887738,
      "sharpe": 11.554992553501274,
      "total_return": 0.2431562503230491,
      "max_drawdown": -0.03219311483349063,
      "score": 33.08417181522803,
      "n_features": 31,
      "feature_cols": [
        "ret_1d",
        "ret_3d",
        "ret_20d",
        "ret_40d",
        "ret_1d_raw",
        "corr_mkt_20d",
        "vol_20d",
        "range_20d",
        "adv20_dollar",
        "volume_z_20d",
        "earnings_event",
        "eps_surprise",
        "news_count_1d",
        "news_sentiment_1d",
        "news_sentiment_sum_1d",
        "news_pos_ratio_1d",
        "news_neg_ratio_1d",
        "news_title_len_mean_1d",
        "news_body_len_mean_1d",
        "news_urgency_mean_1d",
        "news_market_count_1d",
        "news_count_5d",
        "news_count_20d",
        "news_count_z20",
        "news_buzz_ratio_20d",
        "news_sentiment_5d_mean",
        "news_sentiment_20d_mean",
        "news_sentiment_mom_5_20",
        "news_sentiment_sum_5d",
        "news_market_share_1d",
        "news_market_share_20d"
      ],
      "dropped_feature_cols": [
        "ret_120d"
      ]
    },
    {
      "name": "auto_02",
      "conf_path": "/content/gbdt-stock-agent-news-export-20260221/conf/experiments/autonomous/20260221_185945Z_02_auto_02.yaml",
      "include_news": false,
      "lookbacks": [
        1,
        5,
        20,
        40,
        60
      ],
      "event_shift": 2,
      "horizon": 5,
      "min_finite_ratio": 0.1,
      "learning_rate": 0.05,
      "num_leaves": 15,
      "n_estimators": 500,
      "ok": true,
      "run_id": "20260221_185951Z_dd33035d_34708566",
      "status": "success",
      "rank_ic_test_mean": 0.2713804713804714,
      "ic_test_mean": 0.3512163880281747,
      "sharpe": -0.7091011014983717,
      "total_return": -0.010284881809030977,
      "max_drawdown": -0.03675115564456399,
      "score": 26.988856116854933,
      "n_features": 14,
      "feature_cols": [
        "ret_1d",
        "ret_5d",
        "ret_20d",
        "ret_40d",
        "ret_60d",
        "ret_1d_raw",
        "corr_mkt_20d",
        "vol_20d",
        "range_20d",
        "adv20_dollar",
        "volume_z_20d",
        "mom_20_60",
        "earnings_event",
        "eps_surprise"
      ],
      "dropped_feature_cols": []
    },
    {
      "name": "auto_03",
      "conf_path": "/content/gbdt-stock-agent-news-export-20260221/conf/experiments/autonomous/20260221_185945Z_03_auto_03.yaml",
      "include_news": false,
      "lookbacks": [
        1,
        3,
        5,
        10,
        20,
        40,
        60,
        120
      ],
      "event_shift": 1,
      "horizon": 5,
      "min_finite_ratio": 0.05,
      "learning_rate": 0.08,
      "num_leaves": 31,
      "n_estimators": 300,
      "ok": true,
      "run_id": "20260221_185956Z_d3378e40_34708566",
      "status": "success",
      "rank_ic_test_mean": 0.1744107744107744,
      "ic_test_mean": 0.2681211503347444,