{
  "generated_at_utc": "20260221_191325Z",
  "base_conf": "/content/gbdt-stock-agent-news-export-20260221/conf/smoke_news_recent.yaml",
  "seed": 7898,
  "ranked": [
    {
      "name": "auto_04",
      "conf_path": "/content/gbdt-stock-agent-news-export-20260221/conf/experiments/autonomous/20260221_191325Z_04_auto_04.yaml",
      "include_news": false,
      "lookbacks": [
        1,
        2,
        3,
        5,
        20,
        120
      ],
      "event_shift": 2,
      "horizon": 20,
      "min_finite_ratio": 0.1,
      "learning_rate": 0.05,
      "num_leaves": 31,
      "n_estimators": 200,
      "ok": true,
      "run_id": "20260221_191344Z_79f89c52_34708566",
      "status": "success",
      "rank_ic_test_mean": 0.39797979797979793,
      "ic_test_mean": 0.42012343397241375,
      "sharpe": 23.206395049901282,
      "total_return": 0.5749521213355957,
      "max_drawdown": -0.016920056105289905,
      "score": 44.43702470098167,
      "n_features": 13,
      "feature_cols": [
        "ret_1d",
        "ret_2d",
        "ret_3d",
        "ret_5d",
        "ret_20d",
        "ret_1d_raw",
        "corr_mkt_20d",
        "vol_20d",
        "range_20d",
        "adv20_dollar",
        "volume_z_20d",
        "earnings_event",
        "eps_surprise"
      ],
      "dropped_feature_cols": [
        "ret_120d"
      ]
    },
    {
      "name": "auto_02",
      "conf_path": "/content/gbdt-stock-agent-news-export-20260221/conf/experiments/autonomous/20260221_191325Z_02_auto_02.yaml",
      "include_news": false,
      "lookbacks": [
        1,
        3,
        10,
        20,
        40,
        60
      ],
      "event_shift": 1,
      "horizon": 5,
      "min_finite_ratio": 0.05,
      "learning_rate": 0.05,
      "num_leaves": 31,
      "n_estimators": 300,
      "ok": true,
      "run_id": "20260221_191333Z_53dc4293_34708566",
      "status": "success",
      "rank_ic_test_mean": 0.406060606060606,
      "ic_test_mean": 0.38999218798513513,
      "sharpe": 3.31549315415941,
      "total_return": 0.032057828359943086,
      "max_drawdown": -0.00981177492298635,
      "score": 41.267260997564605,
      "n_features": 15,
      "feature_cols": [
        "ret_1d",
        "ret_3d",
        "ret_10d",
        "ret_20d",
        "ret_40d",
        "ret_60d",
        "ret_1d_raw",
        "corr_mkt_20d",
        "vol_20d",
        "range_20d",
        "adv20_dollar",
        "volume_z_20d",
        "mom_20_60",
        "earnings_event",
        "eps_surprise"
      ],
      "dropped_feature_cols": []
    },
    {
      "name": "baseline_news_off",
      "conf_path": "/content/gbdt-stock-agent-news-export-20260221/conf/experiments/autonomous/20260221_191325Z_11_baseline_news_off.yaml",
      "include_news": false,
      "lookbacks": [
        1,
        3,
        5,
        10,
        20,
        60,
        120
      ],
      "event_shift": 1,
      "horizon": 20,
      "min_finite_ratio": 0.1,
      "learning_rate": 0.05,
      "num_leaves": 31,
      "n_estimators": 300,
      "ok": true,
      "run_id": "20260221_191419Z_77ec06d8_34708566",
      "status": "success",
      "rank_ic_test_mean": 0.3077441077441077,
      "ic_test_mean": 0.3431558827580953,
      "sharpe": 16.523753382017496,
      "total_return": 0.3212741926453262,
      "max_drawdown": 0.0,
      "score": 34.07980399919956,
      "n_features": 13,
      "feature_cols": [
        "ret_1d",
        "ret_3d",
        "ret_5d",
        "ret_10d",
        "ret_20d",
        "ret_1d_raw",
        "corr_mkt_20d",
        "vol_20d",
        "range_20d",
        "adv20_dollar",
        "volume_z_20d",
        "earnings_event",
        "eps_surprise"
      ],
      "dropped_feature_cols": [
        "ret_60d",
        "ret_120d",
        "mom_20_60"
      ]
    },
    {
      "name": "auto_10",
      "conf_path": "/content/gbdt-stock-agent-news-export-20260221/conf/experiments/autonomous/20260221_191325Z_10_auto_10.yaml",
      "include_news": false,
      "lookbacks": [
        1,
        2,
        3,
        5,
        10,
        20,
        40,
        120
      ],
      "event_shift": 2,
      "horizon": 20,
      "min_finite_ratio": 0.05,
      "learning_rate": 0.03,
      "num_leaves": 31,
      "n_estimators": 500,
      "ok": true,
      "run_id": "20260221_191414Z_39185ab2_34708566",
      "status": "success",
      "rank_ic_test_mean": 0.2929292929292929,
      "ic_test_mean": 0.3461792775257077,
      "sharpe": 18.87177097035031,
      "total_return": 0.3989590047039211,
      "max_drawdown": -0.016920056105289905,
      "score": 33.064697393787704,
      "n_features": 15,
      "feature_cols": [
        "ret_1d",
        "ret_2d",
        "ret_3d",
        "ret_5d",
        "ret_10d",
        "ret_20d",
        "ret_40d",
        "ret_1d_raw",
        "corr_mkt_20d",
        "vol_20d",
        "range_20d",
        "adv20_dollar",
        "volume_z_20d",
        "earnings_event",
        "eps_surprise"
      ],
      "dropped_feature_cols": [
        "ret_120d"
      ]
    },
    {
      "name": "auto_08",
      "conf_path": "/content/gbdt-stock-agent-news-export-20260221/conf/experiments/autonomous/20260221_191325Z_08_auto_08.yaml",
      "include_news": false,
      "lookbacks": [
        1,
        3,
        5,
        10,
        20,
        40,
        60
      ],
      "event_shift": 1,
      "horizon": 20,
      "min_finite_ratio": 0.05,
      "learning_rate": 0.05,
      "num_leaves": 15,
      "n_estimators": 500,
      "ok": true,
      "run_id": "20260221_191404Z_a4c08d42_34708566",
      "status": "success",
      "rank_ic_test_mean": 0.2404040404040404,
      "ic_test_mean": 0.32540344224499057,
      "sharpe": 18.892975550777297,
      "total_return": 0.345260035975294,
      "max_drawdown": -0.01692004997801788,
      "score": 27.81630566063585,
      "n_features": 14,
      "feature_cols": [
        "ret_1d",
        "ret_3d",
        "ret_5d",
        "ret_10d",
        "ret_20d",
        "ret_40d",
        "ret_1d_raw",
        "corr_mkt_20d",
        "vol_20d",
        "range_20d",
        "adv20_dollar",
        "volume_z_20d",
        "earnings_event",
        "eps_surprise"
      ],
      "dropped_feature_cols": [
        "ret_60d",
        "mom_20_60"
      ]
    },
    {
      "name": "auto_07",
      "conf_path": "/content/gbdt-stock-agent-news-export-20260221/conf/experiments/autonomous/20260221_191325Z_07_auto_07.yaml",
      "include_news": true,
      "lookbacks": [
        1,
        3,
        10,
        20,
        60,
        120
      ],
      "event_shift": 1,
      "horizon": 20,
      "min_finite_ratio": 0.15,
      "learning_rate": 0.08,
      "num_leaves": 63,
      "n_estimators": 300,
      "ok": true,
      "run_id": "20260221_191359Z_c1aa1774_34708566",
      "status": "success",
      "rank_ic_test_mean": 0.13400673400673402,
      "ic_test_mean": 0.0406974237419891,
      "sharpe": 19.79166495387165,
      "total_return": 0.20260198173406763,
      "max_drawdown": 0.0,
      "score": 17.3594115954112,
      "n_features": 31,
      "feature_cols": [
        "ret_1d",
        "ret_3d",
        "ret_10d",
        "ret_20d",
        "ret_1d_raw",
        "corr_mkt_20d",
        "vol_20d",
        "range_20d",
        "adv20_dollar",
        "volume_z_20d",
        "earnings_event",
        "eps_surprise",
        "news_count_1d",
        "news_sentiment_1d",
        "news_sentiment_sum_1d",
        "news_pos_ratio_1d",
        "news_neg_ratio_1d",
        "news_title_len_mean_1d",
        "news_body_len_mean_1d",
        "news_urgency_mean_1d",
        "news_market_count_1d",
        "news_count_5d",
        "news_count_20d",
        "news_count_z20",
        "news_buzz_ratio_20d",
        "news_sentiment_5d_mean",
        "news_sentiment_20d_mean",
        "news_sentiment_mom_5_20",
        "news_sentiment_sum_5d",
        "news_market_share_1d",
        "news_market_share_20d"
      ],