{
  "generated_at_utc": "20260221_193105Z",
  "base_conf": "/content/gbdt-stock-agent-news-export-20260221/conf/smoke_news_recent.yaml",
  "seed": 31351,
  "ranked": [
    {
      "name": "auto_09",
      "conf_path": "/content/gbdt-stock-agent-news-export-20260221/conf/experiments/autonomous/20260221_193105Z_09_auto_09.yaml",
      "include_news": false,
      "lookbacks": [
        1,
        2,
        3,
        10,
        20,
        60,
        120
      ],
      "event_shift": 2,
      "horizon": 5,
      "min_finite_ratio": 0.1,
      "learning_rate": 0.05,
      "num_leaves": 15,
      "n_estimators": 500,
      "ok": true,
      "run_id": "20260221_193153Z_68739ed7_34708566",
      "status": "success",
      "rank_ic_test_mean": 0.46161578154211586,
      "ic_test_mean": 0.433779103654167,
      "sharpe": 4.349283564185437,
      "total_return": 0.046831535948839376,
      "max_drawdown": -0.023009119676873913,
      "score": 47.02692670618519,
      "n_features": 15,
      "feature_cols": [
        "ret_1d",
        "ret_2d",
        "ret_3d",
        "ret_10d",
        "ret_20d",
        "ret_60d",
        "ret_1d_raw",
        "corr_mkt_20d",
        "vol_20d",
        "range_20d",
        "adv20_dollar",
        "volume_z_20d",
        "mom_20_60",
        "earnings_event",
        "eps_surprise"
      ],
      "dropped_feature_cols": [
        "ret_120d"
      ]
    },
    {
      "name": "auto_05",
      "conf_path": "/content/gbdt-stock-agent-news-export-20260221/conf/experiments/autonomous/20260221_193105Z_05_auto_05.yaml",
      "include_news": false,
      "lookbacks": [
        1,
        2,
        5,
        10,
        20,
        40,
        120
      ],
      "event_shift": 1,
      "horizon": 20,
      "min_finite_ratio": 0.15,
      "learning_rate": 0.05,
      "num_leaves": 31,
      "n_estimators": 500,
      "ok": true,
      "run_id": "20260221_193129Z_597003f1_34708566",
      "status": "success",
      "rank_ic_test_mean": 0.3656565656565656,
      "ic_test_mean": 0.41476007031321144,
      "sharpe": 24.511221253531485,
      "total_return": 0.4191803161387322,
      "max_drawdown": -0.01692005613682468,
      "score": 41.46535516576777,
      "n_features": 14,
      "feature_cols": [
        "ret_1d",
        "ret_2d",
        "ret_5d",
        "ret_10d",
        "ret_20d",
        "ret_40d",
        "ret_1d_raw",
        "corr_mkt_20d",
        "vol_20d",
        "range_20d",
        "adv20_dollar",
        "volume_z_20d",
        "earnings_event",
        "eps_surprise"
      ],
      "dropped_feature_cols": [
        "ret_120d"
      ]
    },
    {
      "name": "baseline_news_off",
      "conf_path": "/content/gbdt-stock-agent-news-export-20260221/conf/experiments/autonomous/20260221_193105Z_11_baseline_news_off.yaml",
      "include_news": false,
      "lookbacks": [
        1,
        3,
        5,
        10,
        20,
        60,
        120
      ],
      "event_shift": 1,
      "horizon": 20,
      "min_finite_ratio": 0.1,
      "learning_rate": 0.05,
      "num_leaves": 31,
      "n_estimators": 300,
      "ok": true,
      "run_id": "20260221_193203Z_77ec06d8_34708566",
      "status": "success",
      "rank_ic_test_mean": 0.29427609427609425,
      "ic_test_mean": 0.34259148210805196,
      "sharpe": 14.074749093884126,
      "total_return": 0.28749837524490807,
      "max_drawdown": -0.0024477592845988383,
      "score": 32.242644691279814,
      "n_features": 13,
      "feature_cols": [
        "ret_1d",
        "ret_3d",
        "ret_5d",
        "ret_10d",
        "ret_20d",
        "ret_1d_raw",
        "corr_mkt_20d",
        "vol_20d",
        "range_20d",
        "adv20_dollar",
        "volume_z_20d",
        "earnings_event",
        "eps_surprise"
      ],
      "dropped_feature_cols": [
        "ret_60d",
        "ret_120d",
        "mom_20_60"
      ]
    },
    {
      "name": "auto_10",
      "conf_path": "/content/gbdt-stock-agent-news-export-20260221/conf/experiments/autonomous/20260221_193105Z_10_auto_10.yaml",
      "include_news": true,
      "lookbacks": [
        1,
        2,
        10,
        20,
        40,
        60,
        120
      ],
      "event_shift": 1,
      "horizon": 20,
      "min_finite_ratio": 0.15,
      "learning_rate": 0.05,
      "num_leaves": 63,
      "n_estimators": 200,
      "ok": true,
      "run_id": "20260221_193158Z_4650ef82_34708566",
      "status": "success",
      "rank_ic_test_mean": 0.2538720538720538,
      "ic_test_mean": 0.25367109370247787,
      "sharpe": 11.804557194462845,
      "total_return": 0.19846914360378243,
      "max_drawdown": -0.011172305543695304,
      "score": 27.746279303276417,
      "n_features": 32,
      "feature_cols": [
        "ret_1d",
        "ret_2d",
        "ret_10d",
        "ret_20d",
        "ret_40d",
        "ret_1d_raw",
        "corr_mkt_20d",
        "vol_20d",
        "range_20d",
        "adv20_dollar",
        "volume_z_20d",
        "earnings_event",
        "eps_surprise",
        "news_count_1d",
        "news_sentiment_1d",
        "news_sentiment_sum_1d",
        "news_pos_ratio_1d",
        "news_neg_ratio_1d",
        "news_title_len_mean_1d",
        "news_body_len_mean_1d",
        "news_urgency_mean_1d",
        "news_market_count_1d",
        "news_count_5d",
        "news_count_20d",
        "news_count_z20",
        "news_buzz_ratio_20d",
        "news_sentiment_5d_mean",
        "news_sentiment_20d_mean",
        "news_sentiment_mom_5_20",
        "news_sentiment_sum_5d",
        "news_market_share_1d",
        "news_market_share_20d"
      ],
      "dropped_feature_cols": [
        "ret_60d",
        "ret_120d",
        "mom_20_60"
      ]
    },
    {
      "name": "auto_08",
      "conf_path": "/content/gbdt-stock-agent-news-export-20260221/conf/experiments/autonomous/20260221_193105Z_08_auto_08.yaml",
      "include_news": false,
      "lookbacks": [
        1,
        2,
        3,
        5,
        10,
        20,
        60,
        120
      ],
      "event_shift": 1,
      "horizon": 10,
      "min_finite_ratio": 0.05,
      "learning_rate": 0.03,
      "num_leaves": 63,
      "n_estimators": 300,
      "ok": true,
      "run_id": "20260221_193146Z_8642ba46_34708566",
      "status": "success",
      "rank_ic_test_mean": 0.08296357825370977,
      "ic_test_mean": 0.017554753140765874,
      "sharpe": 6.908380136499354,
      "total_return": 0.1551017474880303,
      "max_drawdown": -0.08831915537794477,
      "score": 9.660680225090235,
      "n_features": 14,
      "feature_cols": [
        "ret_1d",
        "ret_2d",
        "ret_3d",
        "ret_5d",
        "ret_10d",
        "ret_20d",
        "ret_1d_raw",
        "corr_mkt_20d",
        "vol_20d",
        "range_20d",
        "adv20_dollar",
        "volume_z_20d",
        "earnings_event",
        "eps_surprise"
      ],
      "dropped_feature_cols": [
        "ret_60d",
        "ret_120d",
        "mom_20_60"
      ]
    },
    {
      "name": "auto_01",
      "conf_path": "/content/gbdt-stock-agent-news-export-20260221/conf/experiments/autonomous/20260221_193105Z_01_auto_01.yaml",
      "include_news": true,
      "lookbacks": [
        1,
        10,
        20,
        60,
        120
      ],
      "event_shift": 2,
      "horizon": 20,
      "min_finite_ratio": 0.05,
      "learning_rate": 0.05,
      "num_leaves": 15,
      "n_estimators": 200,
      "ok": true,
      "run_id": "20260221_193105Z_685df4ba_34708566",
      "status": "success",
      "rank_ic_test_mean": 0.03299663299663298,
      "ic_test_mean": 0.0174638320233778,
      "sharpe": 4.572032702465681,
      "total_return": 0.11073396911967848,
      "max_drawdown": -0.07246794692784475,
      "score": 4.199797718709105,
      "n_features": 30,